Image Data ID,Subject,Group,Sex,Age,Visit,Modality,Description,Type,Acq Date,Format,Downloaded
I390915,153_S_4172,AD,M,78,v21,PET,PET Brain_FDG,Original,9/18/2013,DCM,Yes
I310964,137_S_4756,AD,M,84,v03,PET,ADNI-2-FDG,Original,6/18/2012,DCM,Yes
I301213,137_S_4672,AD,M,67,v03,PET,ADNI-2-FDG,Original,4/30/2012,DCM,Yes
I261307,137_S_4258,AD,M,76,v03,PET,ADNI-2-FDG,Original,10/17/2011,DCM,Yes
I259503,137_S_4211,AD,F,81,v03,PET,ADNI-2-FDG,Original,10/04/2011,DCM,Yes
I26522,137_S_0841,AD,F,77,bl,PET,ADNI Static Brain (6x5),Original,10/18/2006,DCM,Yes
I15487,137_S_0438,AD,M,82,bl,PET,ADNI Static Brain (6x5),Original,5/16/2006,DCM,Yes
I388226,135_S_5275,AD,F,78,v03,PET,BRAIN EMISSION 4i/16s  FDG,Original,9/06/2013,ECAT,Yes
I347920,135_S_5015,AD,F,78,v03,PET,BRAIN EMISSION 4i/16s  FDG,Original,11/26/2012,ECAT,Yes
I341798,135_S_4954,AD,M,61,v03,PET,BRAIN EMISSION 4i/16s  FDG,Original,10/23/2012,ECAT,Yes
I304885,135_S_4676,AD,M,79,v03,PET,BRAIN EMISSION - Iter(Brain  FDG,Original,5/16/2012,ECAT,Yes
I302417,135_S_4657,AD,F,72,v03,PET,BRAIN EMISSION 4i/16s  FDG,Original,5/08/2012,ECAT,Yes
I369722,131_S_5138,AD,M,61,v03,PET,ADNI-2 RECON 1 FDG,Original,4/30/2013,DCM,Yes
I384169,130_S_5231,AD,F,74,v03,PET,ADNI FDG Brain_30min dyn,Original,8/02/2013,DCM,Yes
I361766,130_S_5059,AD,M,72,v03,PET,ADNI FDG Brain_30min dyn,Original,3/01/2013,DCM,Yes
I349487,130_S_5006,AD,F,68,v03,PET,ADNI FDG Brain_30min dyn,Original,12/05/2012,DCM,Yes
I355070,130_S_4997,AD,F,61,v03,PET,ADNI FDG Brain_30min dyn,Original,1/15/2013,DCM,Yes
I357081,130_S_4990,AD,F,75,v03,PET,ADNI FDG Brain_30min dyn,Original,1/30/2013,DCM,Yes
I344423,130_S_4984,AD,F,73,v03,PET,ADNI FDG Brain_30min dyn,Original,11/07/2012,DCM,Yes
I343069,130_S_4982,AD,F,58,v03,PET,ADNI FDG Brain_30min dyn,Original,10/30/2012,DCM,Yes
I347968,130_S_4971,AD,M,77,v03,PET,ADNI FDG Brain_30min dyn,Original,11/27/2012,DCM,Yes
I307528,130_S_4730,AD,F,81,v03,PET,ADNI FDG Brain_30min dyn,Original,6/01/2012,DCM,Yes
I303026,130_S_4660,AD,F,77,v03,PET,ADNI FDG Brain_30min dyn,Original,5/11/2012,DCM,Yes
I299216,130_S_4641,AD,F,74,v03,PET,ADNI FDG Brain_30min dyn,Original,4/20/2012,DCM,Yes
I296627,130_S_4589,AD,F,75,v03,PET,ADNI FDG Brain_30min dyn,Original,4/10/2012,DCM,Yes
I70976,130_S_1290,AD,F,79,bl,PET,PET2ADNI,Original,3/06/2007,DCM,Yes
I70967,130_S_1201,AD,F,76,bl,PET,PET2ADNI,Original,2/07/2007,DCM,Yes
I363541,127_S_5095,AD,M,66,v03,PET,30-60 min dynamic-3D 4i/16s  FDG,Original,3/15/2013,ECAT,Yes
I359610,127_S_5067,AD,M,81,v03,PET,30-60 min dynamic-3D 4i/16s  FDG,Original,2/12/2013,ECAT,Yes
I359602,127_S_5058,AD,M,62,v03,PET,30-60 min dynamic-3D 4i/16s  FDG,Original,2/08/2013,ECAT,Yes
I354979,127_S_5056,AD,M,85,v03,PET,30-60 min dynamic-3D - Iter( FDG,Original,1/10/2013,ECAT,Yes
I349869,127_S_5028,AD,M,62,v03,PET,30-60 min dynamic-3D 4i/16s  FDG,Original,12/06/2012,ECAT,Yes
I348821,127_S_4992,AD,F,64,v03,PET,30-60 min dynamic-3D - Iter( FDG,Original,11/15/2012,ECAT,Yes
I338471,127_S_4940,AD,M,89,v03,PET,30-60 min dynamic-3D 4i/16s  FDG,Original,10/05/2012,ECAT,Yes
I286445,127_S_4500,AD,F,90,v03,PET,30-60 min dynamic-3D - Iter( FDG,Original,2/24/2012,ECAT,Yes
I303383,126_S_4686,AD,M,72,v03,PET,ADNI GO PRIMARY  FDG,Original,5/09/2012,DCM,Yes
I286902,126_S_4494,AD,M,71,v03,PET,ADNI GO PRIMARY  FDG,Original,2/28/2012,DCM,Yes
I27265,126_S_0891,AD,F,79,bl,PET,ADNI Static Brain (6x5),Original,10/24/2006,DCM,Yes
I284852,123_S_4526,AD,M,80,v03,PET,PET2 FDG,Original,2/14/2012,DCM,Yes
I310989,116_S_4732,AD,M,77,v03,PET,ADNI_3D_Brain_ITERATIVE  FDG,Original,6/18/2012,DCM,Yes
I306260,116_S_4625,AD,M,64,v03,PET,ADNI_3D_Brain_ITERATIVE  FDG,Original,4/20/2012,DCM,Yes
I269091,116_S_4338,AD,M,81,v03,PET,ADNI_3D_Brain_ITERATIVE  FDG,Original,11/28/2011,DCM,Yes
I258037,116_S_4209,AD,F,78,v03,PET,ADNI_3D_Brain_ITERATIVE  FDG,Original,9/23/2011,DCM,Yes
I256953,116_S_4195,AD,M,62,v03,PET,ADNI_3D_Brain_ITERATIVE  FDG,Original,9/19/2011,DCM,Yes
I280268,114_S_4379,AD,F,88,v03,PET,ADNI Brain PET: Raw FDG,Original,1/23/2012,DCM,Yes
I50455,114_S_0374,AD,F,77,m12,PET,ADNI Brain PET: Raw,Original,4/20/2007,DCM,Yes
I35413,109_S_1157,AD,F,85,bl,PET,30 MIN 3D FDG 6i/16s,Original,1/08/2007,ECAT,Yes
I29657,109_S_0777,AD,F,75,bl,PET,30 Min 3D FDG 6i/16s,Original,10/02/2006,ECAT,Yes
I378591,100_S_5106,AD,M,74,v03,PET,ADNI-2_3D Iterative Brain  FDG,Original,6/28/2013,DCM,Yes
I41588,100_S_0743,AD,M,86,m06,PET,BRAIN,Original,2/26/2007,DCM,Yes
I354925,099_S_4994,AD,M,85,v03,PET,PET WB FDG,Original,1/11/2013,DCM,Yes
I15797,099_S_0470,AD,F,87,bl,PET,PET WB,Original,5/19/2006,DCM,Yes
I262237,098_S_4215,AD,M,82,v03,PET,ADNI_BRAIN_3D  FDG,Original,10/21/2011,DCM,Yes
I261403,098_S_4201,AD,F,64,v03,PET,ADNI_BRAIN_3D  FDG,Original,10/14/2011,DCM,Yes
I314610,094_S_4737,AD,F,75,v03,PET,30MIN 3D FDG 4i/16s,Original,7/05/2012,ECAT,Yes
I269101,094_S_4282,AD,M,90,v03,PET,30MIN 3D FDG 4i/16s,Original,11/28/2011,ECAT,Yes
I246999,094_S_4089,AD,M,74,v03,PET,30MIN 3D FDG 4i/16s,Original,7/26/2011,ECAT,Yes
I57167,094_S_1397,AD,F,55,bl,PET,30MIN 3D FDG 4i/16s,Original,6/15/2007,ECAT,Yes
I37168,094_S_1164,AD,F,70,bl,PET,30MIN 3D FDG 4i/16s,Original,1/18/2007,ECAT,Yes
I375091,082_S_5184,AD,F,73,v03,PET,PET Brain  FDG,Original,6/03/2013,DCM,Yes
I381397,073_S_5090,AD,M,59,v03,PET,"Dyn_ADNI-GO(128x,4i20s,256mmFOV,NoFilter)  FDG",Original,7/15/2013,DCM,Yes
I365776,073_S_5016,AD,F,65,v03,PET,"Dyn_ADNI-GO(128x,4i20s,256mmFOV,NoFilter)  FDG",Original,4/02/2013,DCM,Yes
I326313,073_S_4853,AD,F,71,v03,PET,"Dyn_ADNI-GO(128x,4i20s,256mmFOV,NoFilter)  FDG",Original,8/21/2012,DCM,Yes
I311654,070_S_4719,AD,F,79,v03,PET,FORE-ITERATIVEFDG6X5MIN3DBASELINE,Original,6/20/2012,DCM,Yes
I307844,070_S_4692,AD,M,83,v03,PET,FORE-ITERATIVE6X5MIN3DFDGBASELINE,Original,5/22/2012,DCM,Yes
I421578,068_S_5146,AD,F,73,v03,PET,PET AC 3D Brain ADNI-GO FDG,Original,6/14/2013,DCM,Yes
I364476,068_S_4968,AD,M,79,v03,PET,PET AC 3D Brain ADNI-GO FDG,Original,3/26/2013,DCM,Yes
I334548,068_S_4859,AD,M,72,v03,PET,PET AC 3D Brain ADNI-GO FDG,Original,9/14/2012,DCM,Yes
I379047,067_S_5205,AD,F,59,v03,PET,FDG_Dyn_6x5min_2Di_336_2z_AllPass (AC),Original,7/01/2013,DCM,Yes
I312657,067_S_4728,AD,M,82,v03,PET,FDG_Dyn_6x5min_2Di_336_2z_AllPass (AC),Original,6/20/2012,DCM,Yes
I50541,057_S_1379,AD,M,88,bl,PET,ADNI Static Brain (6x5),Original,4/24/2007,DCM,Yes
I52697,057_S_1373,AD,M,76,bl,PET,ADNI Static Brain (6x5),Original,5/01/2007,DCM,Yes
I141292,057_S_1371,AD,M,86,m24,PET,3D_Brain,Original,4/09/2009,DCM,Yes
I16782,057_S_0474,AD,F,78,bl,PET,ADNI Static Brain (6x5),Original,5/30/2006,DCM,Yes
I364171,052_S_5062,AD,F,71,v03,PET,ADNI Brain PET: Raw FDG,Original,3/20/2013,DCM,Yes
I364170,052_S_4959,AD,M,78,v03,PET,ADNI Brain PET: Raw FDG,Original,3/20/2013,DCM,Yes
I348148,051_S_5005,AD,M,78,v03,PET,3D BRAIN ADNI-2 ITERATIVE_FDG,Original,11/21/2012,DCM,Yes
I348440,051_S_4980,AD,M,87,v03,PET,3D BRAIN ADNI-2 ITERATIVE_FDG,Original,11/28/2012,DCM,Yes
I375471,037_S_5162,AD,M,69,v03,PET,6 fr FDG Brain,Original,6/06/2013,DCM,Yes
I336788,037_S_4879,AD,F,80,v03,PET,fdg 4i/16s  FDG,Original,9/26/2012,ECAT,Yes
I317459,037_S_4770,AD,M,76,v03,PET,fdg 4i/16s  FDG,Original,7/20/2012,ECAT,Yes
I222719,037_S_4001,AD,F,89,v03,PET,fdg 4i/16s  FDG,Original,3/07/2011,ECAT,Yes
I20506,037_S_0627,AD,F,59,bl,PET,ADNI BRAIN,Original,8/14/2006,DCM,Yes
I377508,036_S_5210,AD,M,86,v03,PET,30 MIN 3D FDG 4i/16s,Original,6/20/2013,ECAT,Yes
I372115,036_S_5112,AD,F,75,v03,PET,30 MIN 3D FDG 4i/16s,Original,5/13/2013,ECAT,Yes
I358620,036_S_5063,AD,F,72,v03,PET,30 MIN 3D FDG 4i/16s,Original,2/11/2013,ECAT,Yes
I330047,036_S_4894,AD,F,61,v03,PET,30 MIN 3D FDG 4i/16s,Original,9/04/2012,ECAT,Yes
I24208,036_S_0760,AD,F,70,bl,PET,30 MIN 3D FDG 4i/16s,Original,9/13/2006,ECAT,Yes
I334135,035_S_4783,AD,M,83,v03,PET,ADNI-FDG BRAIN (AC),Original,9/07/2012,DCM,Yes
I364519,033_S_5087,AD,F,65,v03,PET,ADNI ITERATIVE FDG,Original,3/26/2013,DCM,Yes
I347569,033_S_5017,AD,M,84,v03,PET,ADNI ITERATIVE FDG,Original,11/20/2012,DCM,Yes
I347309,033_S_5013,AD,F,68,v03,PET,ADNI ITERATIVE FDG,Original,11/19/2012,DCM,Yes
I44916,033_S_1285,AD,F,80,bl,PET,ADNI STATIC BRAIN,Original,3/15/2007,DCM,Yes
I233390,031_S_4024,AD,F,56,v03,PET,EMISSION 4i/16s  AV45,Original,5/02/2011,ECAT,Yes
I341680,027_S_4964,AD,M,81,v03,PET,ADNI Brain PET: Raw FDG,Original,10/22/2012,DCM,Yes
I340972,027_S_4962,AD,F,80,v03,PET,ADNI Brain PET: Raw FDG,Original,10/18/2012,DCM,Yes
I319568,027_S_4802,AD,M,83,v03,PET,ADNI Brain PET: Raw FDG,Original,7/30/2012,DCM,Yes
I316963,027_S_4801,AD,M,78,v03,PET,ADNI Brain PET: Raw FDG,Original,7/19/2012,DCM,Yes
I353257,024_S_5054,AD,F,74,v03,PET,30 min FDG 4i/16s,Original,1/04/2013,ECAT,Yes
I331948,024_S_4905,AD,F,73,v03,PET,30 min FDG 4i/16s,Original,9/07/2012,ECAT,Yes
I265145,024_S_4280,AD,M,80,v03,PET,30 min FDG 4i/16s,Original,10/28/2011,ECAT,Yes
I258274,024_S_4223,AD,M,76,v03,PET,30 min FDG 4i/16s,Original,9/26/2011,ECAT,Yes
I44480,024_S_1307,AD,F,75,bl,PET,30 min 3D FDG 4i/16s,Original,3/12/2007,ECAT,Yes
I395982,023_S_5241,AD,M,88,v03,PET,PET Brain FDG,Original,10/25/2013,DCM,Yes
I377544,023_S_5120,AD,M,81,v03,PET,PET Brain FDG,Original,6/20/2013,DCM,Yes
I305142,023_S_4501,AD,M,79,v03,PET,PET Brain FDG,Original,5/17/2012,DCM,Yes
I33013,022_S_0543,AD,F,73,m06,PET,ADNI Brain PET: Raw,Original,12/11/2006,DCM,Yes
I16827,022_S_0219,AD,M,75,bl,PET,022_S_0219.img: BRAIN-PASS2*,Original,6/09/2006,DCM,Yes
I337713,021_S_4924,AD,M,77,v03,PET,PET3DBRAINOSEM FDG,Original,9/27/2012,DCM,Yes
I310447,021_S_4718,AD,M,79,v03,PET,3D PET BRAIN ADNI-2 FDG I,Original,5/29/2012,DCM,Yes
I35715,021_S_1109,AD,F,78,bl,PET,ADNISTATICBRAIN6X5,Original,1/10/2007,DCM,Yes
I19661,021_S_0642,AD,M,85,bl,PET,ADNIStaciBrain6x5,Original,7/26/2006,DCM,Yes
I13509,020_S_0213,AD,M,63,bl,PET,PET Brain 168x168,Original,4/13/2006,DCM,Yes
I346930,019_S_5019,AD,F,63,v03,PET,ADNI FDG 6X5,Original,11/16/2012,DCM,Yes
I348409,019_S_5012,AD,M,76,v03,PET,ADNI FDG 6X5,Original,11/29/2012,DCM,Yes
I302307,019_S_4549,AD,M,79,v03,PET,ADNI FDG 6X5,Original,5/08/2012,DCM,Yes
I282117,019_S_4477,AD,F,82,v03,PET,019-4477-FDG,Original,1/31/2012,DCM,Yes
I264555,019_S_4252,AD,F,87,v03,PET,019-S-4252-FDG/,Original,10/19/2011,DCM,Yes
I397377,018_S_5240,AD,F,63,v03,PET,3D BRAIN FDG FORE,Original,10/01/2013,DCM,Yes
I324246,018_S_4733,AD,M,76,v03,PET,3D BRAIN FDG FORE,Original,8/14/2012,DCM,Yes
I328083,018_S_4696,AD,F,73,v03,PET,3D BRAIN FDG FORE,Original,8/21/2012,DCM,Yes
I19793,018_S_0682,AD,M,68,bl,PET,ADNI Static Brain (6x5),Original,7/25/2006,DCM,Yes
I16745,018_S_0286,AD,M,66,bl,PET,ADNI Static Brain (6x5),Original,5/17/2006,DCM,Yes
I395034,016_S_5251,AD,F,66,v03,PET,ADNI2 FDG (AC),Original,10/18/2013,DCM,Yes
I365571,016_S_5057,AD,M,76,v03,PET,PET (AC) FDG,Original,4/05/2013,DCM,Yes
I366428,016_S_5032,AD,F,78,v03,PET,ADNI2 FDG (AC),Original,4/11/2013,DCM,Yes
I337384,016_S_4887,AD,M,74,v03,PET,ADNI2 FDG (AC),Original,10/01/2012,DCM,Yes
I296437,016_S_4591,AD,F,66,v03,PET,PET-AC Volume (Corrected)  FDG,Original,4/06/2012,DCM,Yes
I308715,016_S_4583,AD,M,87,v03,PET,PET AC (AC)  FDG,Original,6/05/2012,DCM,Yes
I281548,016_S_4353,AD,F,56,v03,PET,PET-AC Volume (Corrected)  FDG,Original,1/31/2012,DCM,Yes
I376574,016_S_4009,AD,M,92,v21,PET,ADNI2 FDG (AC),Original,6/14/2013,DCM,Yes
I43206,016_S_0991,AD,F,87,bl,PET,PET Brain,Original,3/07/2007,DCM,Yes
I301125,014_S_4615,AD,M,87,v03,PET,ADNI Brain PET: Raw FDG,Original,4/30/2012,DCM,Yes
I246749,014_S_4039,AD,M,56,v03,PET,ADNI Brain PET: Raw FDG,Original,7/15/2011,DCM,Yes
I363788,013_S_5071,AD,M,76,v03,PET,3D_IT  FDG,Original,3/12/2013,DCM,Yes
I23221,012_S_0720,AD,F,78,bl,PET,ADNIstaticBrain(6x5),Original,8/23/2006,DCM,Yes
I36225,012_S_0712,AD,M,77,m06,PET,ADNIstaticBrain(6x5),Original,1/16/2007,DCM,Yes
I339442,011_S_4949,AD,F,78,v03,PET,ADNI2 FDG (AC),Original,10/10/2012,DCM,Yes
I334276,011_S_4912,AD,F,69,v03,PET,ADNI2 FDG (AC),Original,9/14/2012,DCM,Yes
I331947,011_S_4906,AD,F,76,v03,PET,ADNI2 FDG (AC),Original,9/06/2012,DCM,Yes
I316506,011_S_4845,AD,F,68,v03,PET,FDG (AC),Original,7/17/2012,DCM,Yes
I317112,011_S_4827,AD,M,71,v03,PET,ADNI2 FDG (AC),Original,7/19/2012,DCM,Yes
I385602,009_S_5252,AD,M,57,v03,PET,ADNIGO - FDG BRAIN STUDY,Original,8/15/2013,DCM,Yes
I384352,009_S_5224,AD,M,78,v03,PET,ADNIGO - FDG BRAIN STUDY,Original,8/05/2013,DCM,Yes
I358458,009_S_5037,AD,M,68,v03,PET,ADNIGO - FDG BRAIN STUDY,Original,2/08/2013,DCM,Yes
I354612,009_S_5027,AD,M,76,v03,PET,ADNIGO - AV45 BRAIN STUDY,Original,1/10/2013,DCM,Yes
I376922,007_S_5196,AD,F,73,v03,PET,TRANSAXIAL:BRAIN 3D:AMYVID:IR CTAC NF  AV45,Original,6/17/2013,DCM,Yes
I332705,007_S_4911,AD,M,75,v03,PET,TRANSAXIAL:BRAIN 3D:FDG:IR CTAC NF,Original,9/10/2012,DCM,Yes
I291111,007_S_4568,AD,F,71,v03,PET,TRANSAXIAL:BRAIN 3D:FDG:IR CTAC NF,Original,3/19/2012,DCM,Yes
I47688,007_S_1339,AD,F,80,bl,PET,TRANSAXIAL:BRAIN 3D:FDG:ADNI CTAC,Original,3/28/2007,DCM,Yes
I326312,006_S_4867,AD,M,75,v03,PET,Adni AV45 4 X 300 4i/16s,Original,8/21/2012,ECAT,Yes
I300033,006_S_4546,AD,M,71,v03,PET,ADNI_FDG 6F 4i/16s,Original,4/19/2012,ECAT,Yes
I267973,006_S_4192,AD,M,83,v03,PET,ADNI_FDG 6F 4i/16s,Original,11/14/2011,ECAT,Yes
I256062,006_S_4153,AD,M,79,v03,PET,ADNIGo_FDG 6F 4i/16s,Original,9/09/2011,ECAT,Yes
I25537,006_S_0653,AD,F,74,bl,PET,33f  ADNI 4i/16s,Original,10/02/2006,ECAT,Yes
I43271,006_S_0547,AD,M,76,m06,PET, 4i/16s,Original,3/05/2007,ECAT,Yes
I368942,005_S_5119,AD,F,77,v03,PET,30 min 3D FDG - Iter(Brain Mode,Original,4/26/2013,ECAT,Yes
I355050,005_S_5038,AD,M,82,v03,PET,30 min 3D FDG - Iter(Brain Mode,Original,1/14/2013,ECAT,Yes
I341301,005_S_4910,AD,F,82,v03,PET,30 min 3D FDG - Iter(Brain Mode,Original,10/19/2012,ECAT,Yes
I308413,005_S_4707,AD,M,68,v03,PET,30 min 3D FDG - Iter(Brain Mode,Original,6/05/2012,ECAT,Yes
I51894,005_S_1341,AD,F,72,bl,PET,30 min 3D FDG - Iter(Brain Mode,Original,4/27/2007,ECAT,Yes
I30155,005_S_0929,AD,M,82,bl,PET,30 min 3D FDG 4i/16s,Original,11/20/2006,ECAT,Yes
I384254,003_S_5187,AD,F,62,v03,PET,"FDG, combined series",Original,6/21/2013,DCM,Yes
I384725,003_S_5165,AD,M,79,v03,PET,ADNI (AC)  FDG,Original,6/13/2013,DCM,Yes
I333845,003_S_4892,AD,F,75,v03,PET,ADNI (AC)  FDG,Original,9/11/2012,DCM,Yes
I279591,003_S_4373,AD,F,71,v03,PET,ADNI (AC)  FDG,Original,1/19/2012,DCM,Yes
I259018,003_S_4152,AD,M,61,v03,PET,ADNI (AC)  FDG,Original,9/27/2011,DCM,Yes
I257001,003_S_4136,AD,M,67,v03,PET,ADNI (AC)  FDG,Original,8/23/2011,DCM,Yes
I36366,003_S_1059,AD,F,85,bl,PET,PET WB,Original,1/10/2007,DCM,Yes
I346569,002_S_5018,AD,M,73,v03,PET,ADNI Brain PET: Raw FDG,Original,11/14/2012,DCM,Yes
