Subject ID,Project,Phase,Sex,Weight,Research Group,Visit,Study Date,Archive Date,Age,Modality,Description,Type,Imaging Protocol,Image ID,comment
002_S_0729,ADNI,ADNI 2,F,65.8,MCI,ADNI2 Year 1 Visit,2012-08-07,9/13/2012,71.3,MRI,MT1; N3m <- MPRAGE SENSE2,Pre-processed,,334123,
002_S_1268,ADNI,ADNI GO,M,90.3,MCI,ADNI1/GO Month 48,2011-04-13,4/27/2011,87.0,MRI,MT1; N3m <- MPRAGE SENSE2,Pre-processed,,229308,
003_S_1057,ADNI,ADNI GO,F,63.5,MCI,ADNI1/GO Month 48,2011-03-04,4/20/2012,65.6,MRI,MT1; GradWarp; N3m <- MPRAGE Repeat,Pre-processed,,299337,
003_S_1074,ADNI,ADNI 2,F,51.3,MCI,ADNI2 Year 1 Visit,2013-07-29,10/17/2013,91.9,MRI,MT1; GradWarp; N3m <- MPRAGE,Pre-processed,,394777,
003_S_1122,ADNI,ADNI 2,F,58.1,MCI,ADNI2 Year 2 Visit,2014-01-27,6/20/2014,84.0,MRI,MT1; GradWarp; N3m <- MPRAGE Repeat,Pre-processed,,431746,
005_S_0222,ADNI,ADNI 1,M,73.0,MCI,ADNI1/GO Month 24,2008-03-27,4/14/2008,88.1,MRI,MPR; GradWarp; B1 Correction; N3 <- MP-RAGE,Pre-processed,,102449,
005_S_1224,ADNI,ADNI 1,M,70.8,MCI,ADNI1/GO Month 36,2010-03-31,6/02/2010,84.4,MRI,MPR; GradWarp; B1 Correction; N3 <- MP-RAGE,Pre-processed,,176457,
006_S_0675,ADNI,ADNI 1,F,74.6,MCI,ADNI1/GO Month 24,2008-12-11,12/24/2008,81.4,MRI,MPR; GradWarp; B1 Correction; N3 <- MP-RAGE,Pre-processed,,132224,
006_S_1130,ADNI,ADNI GO,F,50.2,MCI,ADNI1/GO Month 48,2011-02-08,3/27/2012,75.4,MRI,MT1; GradWarp; N3m <- MP-RAGE REPEAT,Pre-processed,,293754,
006_S_4713,ADNI,ADNI 2,M,79.9,MCI,ADNI2 Month 6-New Pt,2012-11-28,12/14/2012,71.2,MRI,MT1; N3m <- MPRAGE,Pre-processed,,351552,
007_S_0101,ADNI,ADNI 2,M,92.9,MCI,ADNI2 Initial Visit-Cont Pt,2012-02-16,8/28/2012,79.8,MRI,MT1; GradWarp; N3m <- Sag IR-FSPGR Repeat,Pre-processed,,326613,
007_S_0128,ADNI,ADNI 1,F,72.1,MCI,ADNI1/GO Month 36,2009-02-12,2/27/2009,67.2,MRI,MPR; GradWarp; B1 Correction; N3 <- MP-RAGE,Pre-processed,,137213,
007_S_0293,ADNI,ADNI 1,M,89.4,MCI,ADNI1/GO Month 24,2008-03-25,4/08/2008,89.8,MRI,MPR; GradWarp; B1 Correction; N3 <- MP-RAGE,Pre-processed,,101348,
007_S_0344,ADNI,ADNI 1,M,95.3,MCI,ADNI1/GO Month 36,2009-06-01,7/31/2009,82.0,MRI,MPR; GradWarp; B1 Correction; N3 <- MP-RAGE,Pre-processed,,151283,
007_S_0698,ADNI,ADNI GO,M,84.8,MCI,ADNI1/GO Month 48,2010-08-25,10/29/2010,78.5,MRI,MPR-R; GradWarp; B1 Correction; N3 <- MP-RAGE REPEAT,Pre-processed,,200359,
007_S_4272,ADNI,ADNI 2,M,86.8,MCI,ADNI2 Year 2 Visit,2013-10-28,11/13/2013,73.0,MRI,MT1; GradWarp; N3m <- Accelerated SAG IR-SPGR,Pre-processed,,398123,
009_S_1030,ADNI,ADNI 2,M,66.1,MCI,ADNI2 Year 1 Visit,2012-11-02,4/28/2017,73.6,MRI,MT1; GradWarp; N3m <- MPRAGE GRAPPA2,Pre-processed,,844781,
010_S_0161,ADNI,ADNI 1,M,73.5,MCI,ADNI Screening,2006-01-19,2/25/2008,79.1,MRI,MPR-R; ; N3 <- ADNI       MPRAGE,Pre-processed,,92665,
011_S_0326,ADNI,ADNI 1,M,78.5,MCI,ADNI1/GO Month 36,2009-04-06,5/11/2009,80.0,MRI,MPR-R; GradWarp; B1 Correction; N3 <- MPRAGE Repeat,Pre-processed,,143474,
011_S_0861,ADNI,ADNI 1,M,81.2,MCI,ADNI1/GO Month 36,2009-10-07,1/05/2010,90.3,MRI,MPR; GradWarp; B1 Correction; N3; Scaled <- MPRAGE,Pre-processed,,162131,
011_S_1282,ADNI,ADNI GO,F,66.2,MCI,ADNI1/GO Month 48,2011-02-24,3/07/2011,81.2,MRI,MT1; GradWarp; N3m <- MPRAGE,Pre-processed,,222739,
013_S_0240,ADNI,ADNI 1,M,57.2,MCI,ADNI1/GO Month 24,2008-04-24,5/13/2008,90.5,MRI,MPR-R; GradWarp; B1 Correction; N3 <- MPRAGE Repeat,Pre-processed,,105289,
013_S_0325,ADNI,ADNI 1,F,61.7,MCI,ADNI1/GO Month 24,2008-06-19,7/02/2008,72.9,MRI,MPR-R; GradWarp; B1 Correction; N3 <- MPRAGE REPEAT,Pre-processed,,112201,
013_S_0860,ADNI,ADNI 1,M,73.9,MCI,ADNI1/GO Month 12,2007-09-25,10/27/2007,86.3,MRI,MPR-R; GradWarp; B1 Correction; N3 <- MPRAGE Repeat,Pre-processed,,78817,
013_S_1186,ADNI,ADNI 2,M,72.6,MCI,ADNI2 Year 1 Visit,2013-01-29,10/21/2013,89.3,MRI,MT1; N3m <- MPRAGE SENSE2,Pre-processed,,395168,
014_S_0563,ADNI,ADNI GO,M,79.9,MCI,ADNI1/GO Month 48,2010-10-04,9/17/2012,85.1,MRI,MT1; GradWarp; N3m <- MP-RAGE REPEAT,Pre-processed,,334481,
014_S_0658,ADNI,ADNI GO,M,77.6,MCI,ADNI1/GO Month 48,2010-07-30,5/01/2013,76.3,MRI,MT1; GradWarp; N3m <- MP-RAGE REPEAT,Pre-processed,,369644,
016_S_0702,ADNI,ADNI 2,M,78.9,MCI,ADNI2 Year 1 Visit,2013-05-09,6/18/2013,91.9,MRI,MT1; GradWarp; N3m <- MPRAGE Repeat,Pre-processed,,377041,
016_S_1117,ADNI,ADNI 2,F,51.7,MCI,ADNI2 Year 1 Visit,2012-06-26,8/28/2012,74.6,MRI,MT1; GradWarp; N3m <- MPRAGE Repeat,Pre-processed,,326649,
016_S_1326,ADNI,ADNI 2,M,81.2,MCI,ADNI2 Initial Visit-Cont Pt,2012-06-07,8/28/2012,71.6,MRI,MT1; GradWarp; N3m <- MPRAGE Repeat,Pre-processed,,326665,
018_S_0142,ADNI,ADNI 2,M,73.9,MCI,ADNI2 Year 1 Visit,2013-03-01,3/27/2013,86.4,MRI,MT1; GradWarp; N3m <- MPRAGE,Pre-processed,,364671,
018_S_0155,ADNI,ADNI 1,M,63.5,MCI,ADNI1/GO Month 36,2009-03-20,5/11/2009,84.3,MRI,MPR-R; GradWarp; B1 Correction; N3 <- MPRAGE Repeat,Pre-processed,,143567,
021_S_0231,ADNI,ADNI 1,M,79.4,MCI,ADNI1/GO Month 36,2008-09-04,10/26/2008,62.9,MRI,MPR-R; GradWarp; N3 <- MP-RAGE REPEAT,Pre-processed,,123843,
021_S_0626,ADNI,ADNI GO,M,77.6,MCI,ADNI1/GO Month 48,2010-08-17,11/02/2010,87.4,MRI,MPR; GradWarp; N3 <- MP-RAGE,Pre-processed,,201560,
022_S_1097,ADNI,ADNI GO,M,67.1,MCI,ADNI1/GO Month 48,2011-01-10,3/27/2012,77.3,MRI,MT1; GradWarp; N3m <- MPRAGE SAGITTAL,Pre-processed,,293736,
022_S_1351,ADNI,ADNI GO,F,53.1,MCI,ADNI1/GO Month 48,2011-04-15,3/27/2012,76.1,MRI,MT1; GradWarp; N3m <- MPRAGE SAGITTAL,Pre-processed,,293742,
022_S_1394,ADNI,ADNI 1,M,78.5,MCI,ADNI1/GO Month 24,2009-06-29,4/19/2010,79.3,MRI,MPR-R; GradWarp; B1 Correction; N3 <- MPRAGE Repeat,Pre-processed,,171366,
023_S_0042,ADNI,ADNI 2,M,82.7,MCI,ADNI2 Year 3 Visit,2013-11-21,1/27/2014,80.9,MRI,MT1; GradWarp; N3m <- MPRAGE Repeat,Pre-processed,,408313,
023_S_0217,ADNI,ADNI GO,F,49.3,MCI,ADNIGO Month 60,2011-03-02,4/02/2012,88.7,MRI,MT1; GradWarp; N3m <- MPRAGE Repeat,Pre-processed,,294798,
023_S_0331,ADNI,ADNI 2,F,61.5,MCI,ADNI2 Year 2 Visit,2013-04-10,5/03/2013,71.7,MRI,MT1; GradWarp; N3m <- MPRAGE,Pre-processed,,370022,
023_S_0376,ADNI,ADNI GO,M,102.1,MCI,ADNI1/GO Month 48,2010-05-14,9/10/2012,74.7,MRI,MT1; GradWarp; N3m <- MPRAGE Repeat,Pre-processed,,332578,
023_S_0887,ADNI,ADNI 2,F,85.0,MCI,ADNI2 Year 1 Visit,2012-10-25,3/13/2013,79.9,MRI,MT1; GradWarp; N3m <- MPRAGE Repeat,Pre-processed,,363046,
023_S_4115,ADNI,ADNI 2,M,84.9,MCI,ADNI2 Year 2 Visit,2013-09-30,11/14/2013,69.7,MRI,MT1; GradWarp; N3m <- MPRAGE,Pre-processed,,398283,
024_S_1393,ADNI,ADNI 1,M,79.8,MCI,ADNI1/GO Month 36,2010-04-13,11/08/2010,85.7,MRI,MPR; GradWarp; B1 Correction; N3 <- MP-RAGE,Pre-processed,,203312,
027_S_0256,ADNI,ADNI 1,M,107.0,MCI,ADNI1/GO Month 18,2007-10-08,10/29/2007,71.8,MRI,MPR; GradWarp; B1 Correction; N3 <- MP-RAGE,Pre-processed,,79567,
027_S_0408,ADNI,ADNI 2,M,64.6,MCI,ADNI2 Year 1 Visit,2013-07-01,10/17/2013,89.5,MRI,MT1; GradWarp; N3m <- IR-FSPGR REPEAT,Pre-processed,,394794,
027_S_0461,ADNI,ADNI 1,M,90.9,MCI,ADNI1/GO Month 18,2007-12-18,2/07/2008,81.9,MRI,MPR; GradWarp; B1 Correction; N3 <- MP-RAGE,Pre-processed,,89747,
027_S_0835,ADNI,ADNI GO,M,87.8,MCI,ADNIGO Month 60,2011-09-20,12/29/2011,77.9,MRI,MT1; GradWarp; N3m <- IR-FSPGR-Repeat,Pre-processed,,274702,
027_S_4919,ADNI,ADNI 2,F,103.9,MCI,ADNI2 Month 3 MRI-New Pt,2012-12-04,12/06/2012,75.1,MRI,MT1; N3m <- Accelerated Sag IR-SPGR,Pre-processed,,349699,
029_S_0914,ADNI,ADNI 1,M,91.1,MCI,ADNI1/GO Month 6,2007-07-11,9/04/2007,75.3,MRI,MPR; GradWarp; B1 Correction; N3 <- MP-RAGE,Pre-processed,,71481,
029_S_1073,ADNI,ADNI 1,F,60.8,MCI,ADNI1/GO Month 24,2008-12-08,1/06/2009,67.8,MRI,MPR; GradWarp; B1 Correction; N3 <- MP-RAGE,Pre-processed,,132813,
029_S_1318,ADNI,ADNI 2,F,68.2,MCI,ADNI2 Year 1 Visit,2013-03-14,1/30/2014,89.1,MRI,MT1; GradWarp; N3m <- SAG IR-FSPGR-Repeat,Pre-processed,,411309,
031_S_0294,ADNI,ADNI 1,M,91.2,MCI,ADNI1/GO Month 36,2009-03-30,7/17/2009,82.3,MRI,MPR-R; ; N3 <- MPRAGE_ASO_repeat,Pre-processed,,149593,
031_S_0830,ADNI,ADNI GO,M,92.5,MCI,ADNI1/GO Month 48,2010-09-30,2/21/2011,75.0,MRI,MPR; ; N3 <- MPRAGE_ASO,Pre-processed,,218327,
032_S_0214,ADNI,ADNI 2,M,79.4,MCI,ADNI2 Year 1 Visit,2013-04-17,5/01/2017,72.3,MRI,MT1; GradWarp; N3m <- MPRAGE,Pre-processed,,845430,
033_S_0511,ADNI,ADNI 1,M,92.6,MCI,ADNI1/GO Month 24,2008-06-04,6/17/2008,59.8,MRI,MPR; GradWarp; B1 Correction; N3 <- MP-RAGE,Pre-processed,,109914,
033_S_0513,ADNI,ADNI 1,M,107.9,MCI,ADNI1/GO Month 36,2009-06-02,7/29/2009,72.0,MRI,MPR; GradWarp; B1 Correction; N3 <- MP-RAGE,Pre-processed,,151037,
033_S_0567,ADNI,ADNI 1,M,69.4,MCI,ADNI1/GO Month 36,2009-06-15,10/12/2009,76.8,MRI,MPR; GradWarp; B1 Correction; N3 <- MP-RAGE,Pre-processed,,157032,
033_S_0723,ADNI,ADNI 1,M,71.8,MCI,ADNI1/GO Month 36,2009-08-14,1/06/2010,82.2,MRI,MPR; GradWarp; B1 Correction; N3 <- MP-RAGE,Pre-processed,,162473,
033_S_0906,ADNI,ADNI 2,F,66.0,MCI,ADNI2 Year 1 Visit,2012-10-03,12/06/2013,71.4,MRI,MT1; GradWarp; N3m <- IR-FSPGR-Repeat,Pre-processed,,400486,
035_S_0204,ADNI,ADNI 1,F,55.8,MCI,ADNI1/GO Month 36,2009-03-05,7/30/2009,74.2,MRI,MPR-R; GradWarp; B1 Correction; N3 <- MPRAGE Repeat,Pre-processed,,151111,
035_S_0292,ADNI,ADNI GO,M,68.0,MCI,ADNI1/GO Month 48,2010-04-26,7/25/2014,80.6,MRI,MT1; GradWarp; N3m <- MPRAGE Repeat,Pre-processed,,436811,
035_S_0997,ADNI,ADNI GO,F,46.4,MCI,ADNI1/GO Month 48,2011-01-10,4/24/2012,84.7,MRI,MT1; GradWarp; N3m <- MPRAGE Repeat,Pre-processed,,300282,
036_S_0945,ADNI,ADNI GO,M,90.0,MCI,ADNI1/GO Month 48,2010-12-23,1/24/2018,76.6,MRI,MT1; GradWarp; N3m <- MPRAGE,Pre-processed,,956932,
036_S_0976,ADNI,ADNI 1,M,99.3,MCI,ADNI1/GO Month 36,2010-02-04,4/28/2010,83.7,MRI,MPR-R; GradWarp; B1 Correction; N3 <- MPRAGE Repeat,Pre-processed,,172069,
036_S_1135,ADNI,ADNI 1,M,0.0,MCI,ADNI1/GO Month 24,2009-01-16,7/17/2009,77.8,MRI,MPR-R; GradWarp; B1 Correction; N3 <- MPRAGE Repeat,Pre-processed,,149478,
036_S_1240,ADNI,ADNI 1,F,60.8,MCI,ADNI1/GO Month 24,2009-03-05,4/20/2009,69.2,MRI,MPR-R; GradWarp; B1 Correction; N3 <- MPRAGE Repeat,Pre-processed,,142019,
037_S_0150,ADNI,ADNI 2,M,80.7,MCI,ADNI2 Initial Visit-Cont Pt,2011-08-26,4/05/2012,79.5,MRI,MT1; GradWarp; N3m <- MP-RAGE-Repeat,Pre-processed,,295924,
037_S_0552,ADNI,ADNI 2,F,76.7,MCI,ADNI2 Initial Visit-Cont Pt,2011-06-17,4/05/2012,65.3,MRI,MT1; GradWarp; N3m <- MP-RAGE-Repeat,Pre-processed,,295934,
037_S_0566,ADNI,ADNI 1,M,82.2,MCI,ADNI1/GO Month 36,2009-11-24,1/08/2010,82.4,MRI,MPR; GradWarp; N3; Scaled <- MP-RAGE,Pre-processed,,162782,
037_S_1078,ADNI,ADNI 2,M,87.4,MCI,ADNI2 Initial Visit-Cont Pt,2011-12-05,4/05/2012,75.7,MRI,MT1; GradWarp; N3m <- MP-RAGE,Pre-processed,,295935,
041_S_0549,ADNI,ADNI 1,M,70.3,MCI,ADNI1/GO Month 18,2008-03-05,3/13/2008,70.6,MRI,MPR-R; GradWarp; B1 Correction; N3 <- MPRAGE Repeat,Pre-processed,,97120,
041_S_1412,ADNI,ADNI 1,M,78.6,MCI,ADNI1/GO Month 12,2008-07-28,10/17/2008,60.5,MRI,MPR-R; GradWarp; B1 Correction; N3 <- MPRAGE Repeat,Pre-processed,,121648,
041_S_1423,ADNI,ADNI 1,M,68.9,MCI,ADNI1/GO Month 12,2008-08-13,10/17/2008,70.6,MRI,MPR-R; GradWarp; B1 Correction; N3 <- MPRAGE Repeat,Pre-processed,,121665,
041_S_1425,ADNI,ADNI 2,F,58.5,MCI,ADNI2 Initial Visit-Cont Pt,2011-08-02,4/24/2012,79.6,MRI,MT1; GradWarp; N3m <- MPRAGE Repeat,Pre-processed,,300292,
052_S_0671,ADNI,ADNI GO,F,50.3,MCI,ADNIGO Month 60,2011-06-27,4/09/2012,66.1,MRI,MT1; GradWarp; N3m <- MP-RAGE,Pre-processed,,296517,
052_S_1346,ADNI,ADNI 2,M,76.2,MCI,ADNI2 Year 1 Visit,2013-04-19,1/30/2014,78.8,MRI,MT1; GradWarp; N3m <- MP-RAGE,Pre-processed,,411316,
053_S_0389,ADNI,ADNI 1,F,56.3,MCI,ADNI1/GO Month 36,2009-05-27,12/03/2009,74.6,MRI,MPR; GradWarp; B1 Correction; N3 <- MP-RAGE,Pre-processed,,160222,
057_S_0941,ADNI,ADNI 1,F,62.5,MCI,ADNI1/GO Month 24,2008-10-22,11/03/2008,75.4,MRI,MPR-R; GradWarp; B1 Correction; N3 <- MPRAGE Repeat,Pre-processed,,125042,
057_S_1007,ADNI,ADNI GO,M,110.6,MCI,ADNIGO Month 60,2011-11-09,4/10/2012,77.5,MRI,MT1; GradWarp; N3m <- MPRAGE,Pre-processed,,296797,
057_S_1217,ADNI,ADNI 1,F,56.5,MCI,ADNI1/GO Month 36,2010-03-10,4/10/2012,71.0,MRI,MT1; GradWarp; N3m <- MPRAGE,Pre-processed,,296799,
057_S_1265,ADNI,ADNI 1,F,60.6,MCI,ADNI1/GO Month 24,2009-02-18,2/27/2009,84.3,MRI,MPR-R; GradWarp; B1 Correction; N3 <- MPRAGE Repeat,Pre-processed,,137284,
062_S_1299,ADNI,ADNI 1,M,87.5,MCI,ADNI1/GO Month 36,2010-03-05,11/10/2010,74.9,MRI,MPR; GradWarp; B1 Correction; N3; Scaled <- MPRAGE,Pre-processed,,204099,
067_S_4782,ADNI,ADNI 2,M,74.8,MCI,ADNI2 Month 3 MRI-New Pt,2012-10-26,12/05/2012,72.3,MRI,MT1; GradWarp; N3m <- MPRAGE,Pre-processed,,349554,
073_S_0909,ADNI,ADNI 1,F,65.3,MCI,ADNI1/GO Month 36,2009-12-07,3/01/2010,72.4,MRI,MPR-R; GradWarp; B1 Correction; N3 <- MPRAGE Repeat,Pre-processed,,167025,
082_S_0641,ADNI,ADNI 1,M,71.6,MCI,ADNI Screening,2006-06-19,2/13/2007,74.4,MRI,MPR-R; GradWarp; B1 Correction; N3 <- MPRAGE SAG,Pre-processed,,39784,
094_S_1398,ADNI,ADNI 1,F,76.5,MCI,ADNI1/GO Month 18,2008-12-01,12/18/2008,79.3,MRI,MPR; GradWarp; B1 Correction; N3 <- MP-RAGE,Pre-processed,,131972,
098_S_0160,ADNI,ADNI 2,M,73.3,MCI,ADNI2 Initial Visit-Cont Pt,2011-03-06,4/11/2012,80.4,MRI,MT1; GradWarp; N3m <- MP-RAGE REPEAT,Pre-processed,,297004,
098_S_0269,ADNI,ADNI 2,M,72.6,MCI,ADNI2 Initial Visit-Cont Pt,2011-04-02,8/30/2018,72.3,MRI,MT1; N3m <- MP-RAGE REPEAT,Pre-processed,,1043845,
098_S_0667,ADNI,ADNI GO,M,68.1,MCI,ADNI1/GO Month 48,2010-08-01,4/11/2012,73.2,MRI,MT1; GradWarp; N3m <- MP-RAGE REPEAT,Pre-processed,,297011,
099_S_0051,ADNI,ADNI 2,M,78.3,MCI,ADNI2 Initial Visit-Cont Pt,2011-09-20,4/11/2012,72.4,MRI,MT1; GradWarp; N3m <- MPRAGE Repeat,Pre-processed,,297017,
099_S_0054,ADNI,ADNI 1,F,73.5,MCI,ADNI1/GO Month 24,2007-12-20,1/16/2008,83.2,MRI,MPR-R; GradWarp; B1 Correction; N3 <- MPRAGE Repeat,Pre-processed,,87635,
100_S_0892,ADNI,ADNI 1,F,49.8,MCI,ADNI1/GO Month 36,2009-10-23,2/26/2010,75.9,MRI,MPR; ; N3 <- ASO-MPRAGE,Pre-processed,,166983,
100_S_0930,ADNI,ADNI 1,M,70.5,MCI,ADNI1/GO Month 24,2009-03-20,7/17/2009,77.6,MRI,MPR; ; N3 <- ASO-MPRAGE,Pre-processed,,149625,
114_S_0378,ADNI,ADNI 2,F,65.1,MCI,ADNI2 Year 2 Visit,2013-12-18,4/03/2014,76.8,MRI,MT1; GradWarp; N3m <- MP RAGE SAGITTAL REPEAT,Pre-processed,,418784,
114_S_1106,ADNI,ADNI 2,F,87.8,MCI,ADNI2 Year 2 Visit,2013-12-10,1/27/2014,81.1,MRI,MT1; GradWarp; N3m <- MP RAGE SAGITTAL REPEAT,Pre-processed,,408376,
116_S_0361,ADNI,ADNI 2,M,92.9,MCI,ADNI2 Year 2 Visit,2013-05-09,5/03/2017,81.6,MRI,MT1; GradWarp; N3m <- MP-RAGE,Pre-processed,,846950,
116_S_0834,ADNI,ADNI GO,M,82.6,MCI,ADNI1/GO Month 48,2010-11-03,4/12/2012,68.1,MRI,MT1; GradWarp; N3m <- MP-RAGE,Pre-processed,,297279,
116_S_1243,ADNI,ADNI 1,M,76.7,MCI,ADNI1/GO Month 18,2008-08-22,10/20/2008,78.9,MRI,MPR; GradWarp; N3 <- MP-RAGE,Pre-processed,,122301,
126_S_0708,ADNI,ADNI 1,M,86.2,MCI,ADNI1/GO Month 36,2009-07-23,1/08/2010,79.5,MRI,MPR; GradWarp; B1 Correction; N3 <- MP-RAGE,Pre-processed,,162919,
126_S_0865,ADNI,ADNI 1,M,115.7,MCI,ADNI1/GO Month 36,2009-12-15,1/25/2010,76.8,MRI,MPR; GradWarp; B1 Correction; N3 <- MP-RAGE,Pre-processed,,165348,
126_S_1077,ADNI,ADNI 1,M,93.0,MCI,ADNI1/GO Month 36,2009-12-14,3/01/2010,86.4,MRI,MPR; GradWarp; B1 Correction; N3 <- MP-RAGE,Pre-processed,,167029,
127_S_0112,ADNI,ADNI 2,M,76.2,MCI,ADNI2 Year 1 Visit,2013-01-23,1/29/2014,77.8,MRI,MT1; GradWarp; N3m <- IR-FSPGR,Pre-processed,,410882,
127_S_0394,ADNI,ADNI 1,F,57.2,MCI,ADNI1/GO Month 36,2009-06-11,12/03/2009,87.2,MRI,MPR; GradWarp; B1 Correction; N3 <- MP-RAGE,Pre-processed,,160163,
127_S_0925,ADNI,ADNI 2,M,80.0,MCI,ADNI2 Year 1 Visit,2012-11-14,12/06/2013,80.7,MRI,MT1; GradWarp; N3m <- IR-FSPGR-Repeat,Pre-processed,,400480,
127_S_1032,ADNI,ADNI 1,M,73.0,MCI,ADNI1/GO Month 24,2008-12-23,1/29/2009,87.0,MRI,MPR; GradWarp; B1 Correction; N3; Scaled <- MP-RAGE,Pre-processed,,134931,
127_S_1427,ADNI,ADNI 2,F,94.3,MCI,ADNI2 Year 1 Visit,2012-08-15,1/30/2014,74.7,MRI,MT1; GradWarp; N3m <- IR-FSPGR-Repeat,Pre-processed,,411320,
128_S_0135,ADNI,ADNI 2,F,91.6,MCI,ADNI2 Initial Visit-Cont Pt,2012-02-14,4/20/2012,88.5,MRI,MT1; GradWarp; N3m <- SAG 3D MPRAGE,Pre-processed,,299354,
128_S_0227,ADNI,ADNI 2,F,65.3,MCI,ADNI2 Year 2 Visit,2014-05-15,6/23/2014,87.9,MRI,MT1; GradWarp; N3m <- SAG 3D MPRAGE,Pre-processed,,432165,
128_S_0258,ADNI,ADNI 1,F,59.4,MCI,ADNI1/GO Month 24,2008-06-09,6/17/2008,73.6,MRI,MPR; GradWarp; B1 Correction; N3 <- SAG 3D MPRAGE,Pre-processed,,109721,
128_S_0947,ADNI,ADNI 1,F,63.5,MCI,ADNI1/GO Month 18,2008-04-22,5/14/2008,84.2,MRI,MPR-R; GradWarp; B1 Correction; N3 <- REPEAT SAG 3D MPRAGE,Pre-processed,,105516,
128_S_1043,ADNI,ADNI 2,M,84.8,MCI,ADNI2 Initial Visit-Cont Pt,2011-11-29,4/16/2012,73.6,MRI,MT1; GradWarp; N3m <- SAG 3D MPRAGE,Pre-processed,,297657,
128_S_1406,ADNI,ADNI 1,F,54.4,MCI,ADNI1/GO Month 6,2008-01-16,8/14/2014,61.0,MRI,MT1; GradWarp; N3m <- SAG 3D MPRAGE,Pre-processed,,439324,
128_S_1407,ADNI,ADNI 1,F,56.7,MCI,ADNI1/GO Month 12,2008-09-05,10/20/2008,76.0,MRI,MPR-R; GradWarp; B1 Correction; N3 <- REPEAT SAG 3D MPRAGE,Pre-processed,,122386,
130_S_0285,ADNI,ADNI GO,M,77.1,MCI,ADNIGO Month 60,2011-04-01,4/17/2012,70.8,MRI,MT1; N3m <- MP-RAGE REPEAT,Pre-processed,,297917,
130_S_0289,ADNI,ADNI GO,M,81.6,MCI,ADNIGO Month 60,2011-04-22,4/17/2012,72.9,MRI,MT1; N3m <- MP-RAGE REPEAT,Pre-processed,,297919,
130_S_4294,ADNI,ADNI 2,F,83.0,MCI,ADNI2 Year 2 Visit,2013-11-15,12/18/2013,77.4,MRI,MT1; N3m <- MPRAGE,Pre-processed,,402040,
132_S_0987,ADNI,ADNI 1,F,71.0,MCI,ADNI1/GO Month 6,2007-10-17,11/25/2007,79.7,MRI,MPR-R; GradWarp; N3 <- MP-RAGE-REPEAT,Pre-processed,,83172,
136_S_0695,ADNI,ADNI 1,M,83.9,MCI,ADNI1/GO Month 36,2009-09-21,1/07/2010,77.4,MRI,MPR; GradWarp; B1 Correction; N3 <- MP-RAGE,Pre-processed,,162668,
136_S_0873,ADNI,ADNI GO,F,46.3,MCI,ADNI1/GO Month 48,2010-10-25,2/17/2011,82.2,MRI,MPR; GradWarp; B1 Correction; N3 <- MP-RAGE,Pre-processed,,217977,
137_S_0973,ADNI,ADNI GO,M,50.7,MCI,ADNI1/GO Month 48,2010-12-03,4/27/2012,81.0,MRI,MT1; GradWarp; N3m <- MP-RAGE,Pre-processed,,300962,
137_S_0994,ADNI,ADNI 2,F,69.9,MCI,ADNI2 Year 1 Visit,2012-11-14,1/03/2013,61.2,MRI,MT1; GradWarp; N3m <- MPRAGE,Pre-processed,,353188,
141_S_1004,ADNI,ADNI 2,F,78.9,MCI,ADNI2 Year 2 Visit,2013-11-20,3/05/2014,81.1,MRI,MT1; GradWarp; N3m <- MPRAGE GRAPPA2,Pre-processed,,416103,
141_S_1255,ADNI,ADNI GO,F,58.1,MCI,ADNI1/GO Month 48,2011-03-27,4/17/2012,80.7,MRI,MT1; GradWarp; N3m <- MPRAGE,Pre-processed,,297902,
941_S_1295,ADNI,ADNI 1,M,60.8,MCI,ADNI1/GO Month 18,2008-08-19,10/20/2008,78.3,MRI,MPR-R; GradWarp; B1 Correction; N3 <- MPRAGE Repeat,Pre-processed,,122394,
941_S_1311,ADNI,ADNI 1,M,60.3,MCI,ADNI1/GO Month 24,2009-03-31,5/14/2009,71.3,MRI,MPR-R; GradWarp; B1 Correction; N3 <- MPRAGE Repeat,Pre-processed,,143865,
